"station_id","LOCATION","NAME","LATITUDE","LONGITUDE","ALTITUDE","sample_dates","n_sample_dates","total_obs","total_T_DRYB","total_T_DEWP","total_U_10","T_mean_sampled"
"201","201_T_DV","platform D15-FA-1 locatie DV",54.325556,2.935833,42.7,"2021-01-15;2021-04-15;2021-07-15;2021-10-15;2022-01-15;2022-04-15;2022-07-15;2022-10-15;2023-01-15;2023-04-15;2023-07-15;2023-10-15;2024-01-15;2024-04-15;2024-07-15;2024-10-15",16,2304,2304,1440,1440,10.1
"201","201_T_DV1","platform D15-FA-1 locatie DV1",54.325556,2.935833,42.7,"2021-01-15;2021-04-15;2021-07-15;2021-10-15;2022-01-15;2022-04-15;2022-07-15;2022-10-15;2023-01-15;2023-04-15;2023-07-15;2023-10-15;2024-01-15;2024-04-15;2024-07-15;2024-10-15",16,2304,0,0,1440,NA
"203","203_T_PG","platform P11-B locatie PG",52.36,3.341667,41.8,"2021-01-15;2021-04-15;2021-07-15;2021-10-15;2022-01-15;2022-04-15;2022-07-15;2022-10-15;2023-01-15;2023-04-15;2023-07-15;2023-10-15;2024-01-15;2024-04-15;2024-07-15;2024-10-15",16,2304,2304,2304,2304,10.9
"203","203_T_PG1","platform P11-B locatie PG1",52.36,3.341667,41.8,"2021-01-15;2021-04-15;2021-07-15;2021-10-15;2022-01-15;2022-04-15;2022-07-15;2022-10-15;2023-01-15;2023-04-15;2023-07-15;2023-10-15;2024-01-15;2024-04-15;2024-07-15;2024-10-15",16,2304,0,0,2304,NA
"204","204_T_KV","platform K14-FA-1C locatie KV",53.269444,3.627778,41.8,"2021-01-15;2021-04-15;2021-07-15;2021-10-15;2022-01-15;2022-04-15;2022-07-15;2022-10-15;2023-01-15;2023-04-15;2023-07-15;2023-10-15;2024-01-15;2024-04-15;2024-07-15;2024-10-15",16,2304,2303,2303,2303,10.6
"204","204_T_KV1","platform K14-FA-1C locatie KV1",53.269444,3.627778,41.8,"2021-01-15;2021-04-15;2021-07-15;2021-10-15;2022-01-15;2022-04-15;2022-07-15;2022-10-15;2023-01-15;2023-04-15;2023-07-15;2023-10-15;2024-01-15;2024-04-15;2024-07-15;2024-10-15",16,2304,0,0,2303,NA
"205","205_T_AK","platform A12-CPP locatie AK",55.399167,3.810278,48.4,"2021-01-15;2021-04-15;2021-07-15;2021-10-15;2022-01-15;2022-04-15;2022-07-15;2022-10-15;2023-01-15;2023-04-15;2023-07-15;2023-10-15;2024-01-15;2024-04-15;2024-07-15;2024-10-15",16,2304,2304,2304,2304,9.5
"205","205_T_AK1","platform A12-CPP locatie AK1",55.399167,3.810278,48.4,"2021-01-15;2021-04-15;2021-07-15;2021-10-15;2022-01-15;2022-04-15;2022-07-15;2022-10-15;2023-01-15;2023-04-15;2023-07-15;2023-10-15;2024-01-15;2024-04-15;2024-07-15;2024-10-15",16,2304,0,0,2304,NA
"207","207_T_MG","platform L9-FF-1 locatie MG",53.614444,4.960278,44,"2021-01-15;2021-04-15;2021-07-15;2021-10-15;2022-01-15;2022-04-15;2022-07-15;2022-10-15;2023-01-15;2023-04-15;2023-07-15;2023-10-15;2024-01-15;2024-04-15;2024-07-15;2024-10-15",16,2304,2304,2304,2304,10.6
"207","207_T_MG1","platform L9-FF-1 locatie MG1",53.614444,4.960278,44,"2021-01-15;2021-04-15;2021-07-15;2021-10-15;2022-01-15;2022-04-15;2022-07-15;2022-10-15;2023-01-15;2023-04-15;2023-07-15;2023-10-15;2024-01-15;2024-04-15;2024-07-15;2024-10-15",16,2304,0,0,2304,NA
"208","208_T_MA","platform AWG-1 locatie MA",53.491667,5.941667,40.5,"2021-01-15;2021-04-15;2021-07-15;2021-10-15;2022-01-15;2022-04-15;2022-07-15;2022-10-15;2023-01-15;2023-04-15;2023-07-15;2023-10-15;2024-01-15;2024-04-15;2024-07-15;2024-10-15",16,2304,2303,2303,2303,10.3
"208","208_T_MA1","platform AWG-1 locatie MA1",53.491667,5.941667,40.5,"2021-01-15;2021-04-15;2021-07-15;2021-10-15;2022-01-15;2022-04-15;2022-07-15;2022-10-15;2023-01-15;2023-04-15;2023-07-15;2023-10-15;2024-01-15;2024-04-15;2024-07-15;2024-10-15",16,2304,0,0,2303,NA
"211","211_T_JA","platform J6-A lokatie JA",53.824167,2.945278,45.7,"2021-01-15;2021-04-15;2021-07-15;2021-10-15;2022-01-15;2022-04-15;2022-07-15;2022-10-15;2023-01-15;2023-04-15;2023-07-15;2023-10-15;2024-01-15;2024-04-15;2024-07-15;2024-10-15",16,2304,2304,2304,2304,10.2
"211","211_T_JA1","platform J6-A lokatie JA1",53.824167,2.945278,45.7,"2021-01-15;2021-04-15;2021-07-15;2021-10-15;2022-01-15;2022-04-15;2022-07-15;2022-10-15;2023-01-15;2023-04-15;2023-07-15;2023-10-15;2024-01-15;2024-04-15;2024-07-15;2024-10-15",16,2304,0,0,2304,NA
"212","212_T_QE","platform Hoorn-A locatie QE",52.918056,4.150278,50.9,"2021-01-15;2021-04-15;2021-07-15;2021-10-15;2022-01-15;2022-04-15;2022-07-15;2022-10-15;2023-01-15;2023-04-15;2023-07-15;2023-10-15;2024-01-15;2024-04-15;2024-07-15;2024-10-15",16,2304,1152,1152,1152,10.5
"212","212_T_QE2","platform Hoorn-A locatie QE2",52.918056,4.150278,50.9,"2021-01-15;2021-04-15;2021-07-15;2021-10-15;2022-01-15;2022-04-15;2022-07-15;2022-10-15;2023-01-15;2023-04-15;2023-07-15;2023-10-15;2024-01-15;2024-04-15;2024-07-15;2024-10-15",16,2304,0,0,1152,NA
"214","214_T_HW","platform Buitengaats/BG-OHVS2 locatie HW",54.036944,6.041667,42.5,"2021-01-15;2021-04-15;2021-07-15;2021-10-15;2022-01-15;2022-04-15;2022-07-15;2022-10-15;2023-01-15;2023-04-15;2023-07-15;2023-10-15;2024-01-15;2024-04-15;2024-07-15;2024-10-15",16,2304,2304,2304,2304,10.3
"215","215_T_a","Voorschoten thermometer en hygrometer",52.139722,4.436389,-1.1,"2021-01-15;2021-04-15;2021-07-15;2021-10-15;2022-01-15;2022-04-15;2022-07-15;2022-10-15;2023-01-15;2023-04-15;2023-07-15;2023-10-15;2024-01-15;2024-04-15;2024-07-15;2024-10-15",16,2304,2303,2303,2303,10.3
"216","216_T_QS","platform Hollandse Kust Zuid Alfa",52.319316,4.043033,19.6,"2024-10-15",1,144,144,144,144,11.8
"216","216_T_QS","platform PEHQS",52.319444,4.042222,44,"2024-04-15;2024-07-15",2,288,144,144,144,18.6
"216","216_T_QS1","platform Hollandse Kust Zuid Alfa",52.319316,4.043033,19.6,"2024-10-15",1,144,0,0,144,NA
"235","235_T_21t","De Kooij locatie T_21t",52.926223,4.781732,1.5,"2022-10-15;2023-01-15;2023-04-15;2023-07-15;2023-10-15;2024-01-15;2024-04-15;2024-07-15;2024-10-15",9,1296,1012,1012,1012,10.3
"235","235_T_obs","De Kooy waarneemterrein",52.926944,4.781111,1.2,"2021-01-15;2021-04-15;2021-07-15;2021-10-15;2022-01-15;2022-04-15;2022-07-15;2022-10-15;2023-01-15;2023-04-15;2023-07-15;2023-10-15;2024-01-15;2024-04-15;2024-07-15;2024-10-15",16,2304,2304,2304,2304,10.3
"239","239_T_FD","platform F3 locatie A",54.853889,4.696111,50.6,"2021-01-15;2021-04-15;2021-07-15;2021-10-15;2022-01-15;2022-04-15;2022-07-15;2022-10-15;2023-01-15;2023-04-15;2023-07-15;2023-10-15;2024-01-15;2024-04-15;2024-07-15;2024-10-15",16,2304,2304,2304,2304,9.8
"240","240_T_18Cm27","Schiphol locatie 18Cm27",52.317222,4.789722,-3.3,"2021-01-15;2021-04-15;2021-07-15;2021-10-15;2022-01-15;2022-04-15;2022-07-15;2022-10-15;2023-01-15;2023-04-15;2023-07-15;2023-10-15;2024-01-15;2024-04-15;2024-07-15;2024-10-15",16,2304,2304,2304,2304,10.3
"240","240_T_18Ct","Schiphol locatie 18Ct",52.317222,4.789722,-3.3,"2021-01-15;2021-04-15;2021-07-15;2021-10-15;2022-01-15;2022-04-15;2022-07-15;2022-10-15;2023-01-15;2023-04-15;2023-07-15;2023-10-15;2024-01-15;2024-04-15;2024-07-15;2024-10-15",16,2304,288,2304,288,14.4
"240","240_T_18Rtw","Schiphol locatie 18Rtw",52.317222,4.789722,-3.3,"2021-01-15;2021-04-15;2021-07-15;2021-10-15;2022-01-15;2022-04-15;2022-07-15;2022-10-15;2023-01-15;2023-04-15;2023-07-15;2023-10-15;2024-01-15;2024-04-15;2024-07-15;2024-10-15",16,2304,2293,0,288,10.2
"240","240_T_ISAD","Schiphol locatie AssenDelft",52.317222,4.789722,-3.3,"2021-01-15;2021-04-15;2021-07-15;2021-10-15;2022-01-15;2022-04-15;2022-07-15;2022-10-15;2023-01-15;2023-04-15;2023-07-15;2023-10-15;2024-01-15;2024-04-15;2024-07-15;2024-10-15",16,2304,2304,2304,2304,10.3
"240","240_T_ISMU","Schiphol locatie Muiden",52.33534,4.72596,-0.9,"2021-01-15;2021-04-15;2021-07-15;2021-10-15;2022-01-15;2022-04-15;2022-07-15;2022-10-15;2023-01-15;2023-04-15;2023-07-15;2023-10-15;2024-01-15;2024-04-15;2024-07-15;2024-10-15",16,2304,2304,2304,2304,10.2
"240","240_T_ISNK","Schiphol locatie Nieuwkoop",52.317222,4.789722,-3.3,"2021-01-15;2021-04-15;2021-07-15;2021-10-15;2022-01-15;2022-04-15;2022-07-15;2022-10-15;2023-01-15;2023-04-15;2023-07-15;2023-10-15;2024-01-15;2024-04-15;2024-07-15;2024-10-15",16,2304,2304,2304,2304,10.2
"240","240_T_ISNV","Schiphol locatie Nieuw Vennep",52.317222,4.789722,-3.3,"2021-01-15;2021-04-15;2021-07-15;2021-10-15;2022-01-15;2022-04-15;2022-07-15;2022-10-15;2023-01-15;2023-04-15;2023-07-15;2023-10-15;2024-01-15;2024-04-15;2024-07-15;2024-10-15",16,2304,2304,2304,2304,10.5
"242","242_T_a","Vlieland locatie A",53.24,4.920833,10.8,"2021-01-15;2021-04-15;2021-07-15;2021-10-15;2022-01-15;2022-04-15;2022-07-15;2022-10-15;2023-01-15;2023-04-15;2023-07-15;2023-10-15;2024-01-15;2024-04-15;2024-07-15;2024-10-15",16,2304,2221,2220,2220,10.3
"242","242_T_obs","Vlieland waarneemterrein",53.24,4.920833,10.8,"2021-01-15;2021-04-15;2021-07-15;2021-10-15;2022-01-15;2022-04-15;2022-07-15;2022-10-15;2023-01-15;2023-04-15;2023-07-15;2023-10-15;2024-01-15;2024-04-15;2024-07-15;2024-10-15",16,2304,2221,2221,2221,10.4
"249","249_T_a","Berkhout",52.642778,4.978889,-2.4,"2021-01-15;2021-04-15;2021-07-15;2021-10-15;2022-01-15;2022-04-15;2022-07-15;2022-10-15;2023-01-15;2023-04-15;2023-07-15;2023-10-15;2024-01-15;2024-04-15;2024-07-15;2024-10-15",16,2304,2304,2304,2304,9.8
"251","251_T_a","Hoorn Terschelling",53.391111,5.345833,0.7,"2021-01-15;2021-04-15;2021-07-15;2021-10-15;2022-01-15;2022-04-15;2022-07-15;2022-10-15;2023-01-15;2023-04-15;2023-07-15;2023-10-15;2024-01-15;2024-04-15;2024-07-15;2024-10-15",16,2304,2304,2304,2304,10
"252","252_T_0","platform K13 locatie 0",53.217778,3.220278,37.7,"2021-01-15;2021-04-15;2021-07-15;2021-10-15;2022-01-15;2022-04-15;2022-07-15;2022-10-15;2023-01-15;2023-04-15;2023-07-15;2023-10-15;2024-01-15;2024-04-15;2024-07-15;2024-10-15",16,2304,0,0,0,NA
"252","252_T_1","platform K13 locatie 1",53.217778,3.220278,37.7,"2021-01-15;2021-04-15;2021-07-15;2021-10-15;2022-01-15;2022-04-15;2022-07-15;2022-10-15;2023-01-15;2023-04-15;2023-07-15;2023-10-15;2024-01-15;2024-04-15;2024-07-15;2024-10-15",16,2304,0,0,0,NA
"252","252_T_2","platform K13 locatie 2",53.217778,3.220278,37.7,"2021-01-15;2021-04-15;2021-07-15;2021-10-15;2022-01-15;2022-04-15;2022-07-15;2022-10-15;2023-01-15;2023-04-15;2023-07-15;2023-10-15;2024-01-15;2024-04-15;2024-07-15;2024-10-15",16,2304,0,0,0,NA
"252","252_T_JR","platform K13 locatie 0",53.217778,3.220278,37.7,"2021-01-15;2021-04-15;2021-07-15;2021-10-15;2022-01-15;2022-04-15;2022-07-15;2022-10-15;2023-01-15;2023-04-15;2023-07-15;2023-10-15;2024-01-15;2024-04-15;2024-07-15;2024-10-15",16,2304,2304,2304,2304,10.5
"252","252_T_JR1","platform K13 locatie 1",53.217778,3.220278,37.7,"2021-01-15;2021-04-15;2021-07-15;2021-10-15;2022-01-15;2022-04-15;2022-07-15;2022-10-15;2023-01-15;2023-04-15;2023-07-15;2023-10-15;2024-01-15;2024-04-15;2024-07-15;2024-10-15",16,2304,288,288,288,14.3
"252","252_T_JR2","platform K13 locatie 2",53.217778,3.220278,37.7,"2021-01-15;2021-04-15;2021-07-15;2021-10-15;2022-01-15;2022-04-15;2022-07-15;2022-10-15;2023-01-15;2023-04-15;2023-07-15;2023-10-15;2024-01-15;2024-04-15;2024-07-15;2024-10-15",16,2304,288,288,288,14.3
"257","257_T_a","Wijk aan Zee",52.505278,4.603056,8.5,"2021-01-15;2021-04-15;2021-07-15;2021-10-15;2022-01-15;2022-04-15;2022-07-15;2022-10-15;2023-01-15;2023-04-15;2023-07-15;2023-10-15;2024-01-15;2024-04-15;2024-07-15;2024-10-15",16,2304,2304,2304,2304,10.5
"260","260_T_a","De Bilt",52.098889,5.179722,1.9,"2021-01-15;2021-04-15;2021-07-15;2021-10-15;2022-01-15;2022-04-15;2022-07-15;2022-10-15;2023-01-15;2023-04-15;2023-07-15;2023-10-15;2024-01-15;2024-04-15;2024-07-15;2024-10-15",16,2304,2304,2304,2304,10
"260","260_T_b","De Bilt",52.098889,5.179722,1.9,"2021-01-15;2021-04-15;2021-07-15;2021-10-15;2022-01-15;2022-04-15;2022-07-15;2022-10-15;2023-01-15;2023-04-15;2023-07-15;2023-10-15;2024-01-15;2024-04-15;2024-07-15;2024-10-15",16,2304,0,0,0,NA
"261","261_T_a","De Bilt testwaarneemterrein",52.1,5.183333,20,"2021-01-15;2021-04-15;2021-07-15;2021-10-15;2022-01-15;2022-04-15;2022-07-15;2022-10-15;2023-01-15;2023-04-15;2023-07-15;2023-10-15;2024-01-15;2024-04-15;2024-07-15;2024-10-15",16,2304,2303,2303,2303,9.9
"261","261_T_h_1","De Bilt pagode",52.1,5.183333,20,"2021-01-15;2021-04-15;2021-07-15;2021-10-15;2022-01-15;2022-04-15;2022-07-15;2022-10-15;2023-01-15;2023-04-15;2023-07-15;2023-10-15;2024-01-15;2024-04-15;2024-07-15;2024-10-15",16,2304,1872,0,0,9.6
"261","261_T_h_2","De Bilt Stevensonhut",52.1,5.183333,20,"2021-01-15;2021-04-15;2021-07-15;2021-10-15;2022-01-15;2022-04-15;2022-07-15;2022-10-15;2023-01-15;2023-04-15;2023-07-15;2023-10-15;2024-01-15;2024-04-15;2024-07-15;2024-10-15",16,2304,1872,0,0,9.4
"261","261_T_h_3","De Bilt 1.5m referentie",52.1,5.183333,20,"2021-01-15;2021-04-15;2021-07-15;2021-10-15;2022-01-15;2022-04-15;2022-07-15;2022-10-15;2023-01-15;2023-04-15;2023-07-15;2023-10-15;2024-01-15;2024-04-15;2024-07-15;2024-10-15",16,2304,1872,0,0,9.4
"261","261_T_h_4","De Bilt 2.2m referentie",52.1,5.183333,20,"2021-01-15;2021-04-15;2021-07-15;2021-10-15;2022-01-15;2022-04-15;2022-07-15;2022-10-15;2023-01-15;2023-04-15;2023-07-15;2023-10-15;2024-01-15;2024-04-15;2024-07-15;2024-10-15",16,2304,1872,0,0,9.4
"267","267_T_a","Stavoren",52.896667,5.383333,-1.3,"2021-01-15;2021-04-15;2021-07-15;2021-10-15;2022-01-15;2022-04-15;2022-07-15;2022-10-15;2023-01-15;2023-04-15;2023-07-15;2023-10-15;2024-01-15;2024-04-15;2024-07-15;2024-10-15",16,2304,2304,2304,2304,10.1
"269","269_T_23t","Lelystad locatie 23t",52.457222,5.519722,-3.7,"2021-01-15;2021-04-15;2021-07-15;2021-10-15;2022-01-15;2022-04-15;2022-07-15;2022-10-15;2023-01-15;2023-04-15;2023-07-15;2023-10-15;2024-01-15;2024-04-15;2024-07-15;2024-10-15",16,2304,2304,2304,2304,9.9
"270","270_T_24t","Leeuwarden locatie 24t",53.223056,5.751667,1.2,"2021-01-15;2021-04-15;2021-07-15;2021-10-15;2022-01-15;2022-04-15;2022-07-15;2022-10-15;2023-01-15;2023-04-15;2023-07-15;2023-10-15;2024-01-15;2024-04-15;2024-07-15;2024-10-15",16,2304,2304,2304,2304,9.6
"270","270_T_a","Leeuwarden locatie A",53.223056,5.751667,1.2,"2021-01-15;2021-04-15;2021-07-15;2021-10-15;2022-01-15;2022-04-15;2022-07-15;2022-10-15;2023-01-15;2023-04-15;2023-07-15;2023-10-15;2024-01-15;2024-04-15;2024-07-15;2024-10-15",16,2304,2304,2304,2304,9.6
"270","270_T_obs06t","Leeuwarden locatie obs06t",53.223056,5.751667,1.2,"2021-01-15;2021-04-15;2021-07-15;2021-10-15;2022-01-15;2022-04-15;2022-07-15;2022-10-15;2023-01-15;2023-04-15;2023-07-15;2023-10-15;2024-01-15;2024-04-15;2024-07-15;2024-10-15",16,2304,0,0,0,NA
"270","270_T_obs24t","Leeuwarden locatie obs24t",53.22996,5.76731,0.75,"2021-01-15;2021-04-15;2021-07-15;2021-10-15;2022-01-15;2022-04-15;2022-07-15;2022-10-15;2023-01-15;2023-04-15;2023-07-15;2023-10-15;2024-01-15;2024-04-15;2024-07-15;2024-10-15",16,2304,2304,2304,2304,9.6
"273","273_T_a","Marknesse",52.701944,5.8875,-3.3,"2021-01-15;2021-04-15;2021-07-15;2021-10-15;2022-01-15;2022-04-15;2022-07-15;2022-10-15;2023-01-15;2023-04-15;2023-07-15;2023-10-15;2024-01-15;2024-04-15;2024-07-15;2024-10-15",16,2304,2302,2302,2302,9.7
"275","275_T_20t","Deelen locatie 20t",52.054722,5.872222,48.2,"2021-01-15;2021-04-15;2021-07-15;2021-10-15;2022-01-15;2022-04-15;2022-07-15;2022-10-15;2023-01-15;2023-04-15;2023-07-15;2023-10-15;2024-01-15;2024-04-15;2024-07-15;2024-10-15",16,2304,2304,2304,2304,9.3
"275","275_T_a","Deelen locatie A",52.054722,5.872222,48.2,"2021-01-15;2021-04-15;2021-07-15;2021-10-15;2022-01-15;2022-04-15;2022-07-15;2022-10-15;2023-01-15;2023-04-15;2023-07-15;2023-10-15;2024-01-15;2024-04-15;2024-07-15;2024-10-15",16,2304,2304,2303,2303,9.4
"275","275_T_obs02t","Deelen locatie obs02t",52.054722,5.872222,48.2,"2021-01-15;2021-04-15;2021-07-15;2021-10-15;2022-01-15;2022-04-15;2022-07-15;2022-10-15;2023-01-15;2023-04-15;2023-07-15;2023-10-15;2024-01-15;2024-04-15;2024-07-15;2024-10-15",16,2304,0,0,0,NA
"275","275_T_obs20t","Deelen locatie obs20t",52.054722,5.872222,48.2,"2021-01-15;2021-04-15;2021-07-15;2021-10-15;2022-01-15;2022-04-15;2022-07-15;2022-10-15;2023-01-15;2023-04-15;2023-07-15;2023-10-15;2024-01-15;2024-04-15;2024-07-15;2024-10-15",16,2304,2304,2304,2304,9.3
"277","277_T_a","Lauwersoog",53.411667,6.199167,2.9,"2021-01-15;2021-04-15;2021-07-15;2021-10-15;2022-01-15;2022-04-15;2022-07-15;2022-10-15;2023-01-15;2023-04-15;2023-07-15;2023-10-15;2024-01-15;2024-04-15;2024-07-15;2024-10-15",16,2304,2304,2304,2304,10.3
"278","278_T_a","Heino",52.434444,6.258889,3.6,"2021-01-15;2021-04-15;2021-07-15;2021-10-15;2022-01-15;2022-04-15;2022-07-15;2022-10-15;2023-01-15;2023-04-15;2023-07-15;2023-10-15;2024-01-15;2024-04-15;2024-07-15;2024-10-15",16,2304,2304,2304,2304,9.6
"279","279_T_a","Hoogeveen",52.748889,6.573056,15.8,"2021-01-15;2021-04-15;2021-07-15;2021-10-15;2022-01-15;2022-04-15;2022-07-15;2022-10-15;2023-01-15;2023-04-15;2023-07-15;2023-10-15;2024-01-15;2024-04-15;2024-07-15;2024-10-15",16,2304,2304,2304,2304,9.4
"280","280_T_05t","Eelde locatie 05t",53.114333,6.53475,5.2,"2021-01-15;2021-04-15;2021-07-15;2021-10-15;2022-01-15;2022-04-15;2022-07-15;2022-10-15;2023-01-15;2023-04-15;2023-07-15;2023-10-15;2024-01-15;2024-04-15;2024-07-15;2024-10-15",16,2304,2304,2304,2304,9.5
"280","280_T_23t","Eelde locatie 23t",53.123611,6.584722,5.2,"2021-01-15;2021-04-15;2021-07-15;2021-10-15;2022-01-15;2022-04-15;2022-07-15;2022-10-15;2023-01-15;2023-04-15;2023-07-15;2023-10-15;2024-01-15;2024-04-15;2024-07-15;2024-10-15",16,2304,2304,2304,2304,9.4
"283","283_T_a","Hupsel",52.067778,6.656667,29.1,"2021-01-15;2021-04-15;2021-07-15;2021-10-15;2022-01-15;2022-04-15;2022-07-15;2022-10-15;2023-01-15;2023-04-15;2023-07-15;2023-10-15;2024-01-15;2024-04-15;2024-07-15;2024-10-15",16,2304,2304,2304,2304,9.6
"283","283_T_b","Hupsel",52.067778,6.656667,29.1,"2021-01-15;2021-04-15;2021-07-15;2021-10-15;2022-01-15;2022-04-15;2022-07-15;2022-10-15;2023-01-15;2023-04-15;2023-07-15;2023-10-15;2024-01-15;2024-04-15;2024-07-15;2024-10-15",16,2304,0,0,0,NA
"286","286_T_a","Nieuw Beerta",53.194444,7.149167,-0.2,"2021-01-15;2021-04-15;2021-07-15;2021-10-15;2022-01-15;2022-04-15;2022-07-15;2022-10-15;2023-01-15;2023-04-15;2023-07-15;2023-10-15;2024-01-15;2024-04-15;2024-07-15;2024-10-15",16,2304,2296,2296,2296,9.5
"290","290_T_a","Twenthe locatie A",52.273056,6.890833,34.8,"2021-01-15;2021-04-15;2021-07-15;2021-10-15;2022-01-15;2022-04-15;2022-07-15;2022-10-15;2023-01-15;2023-04-15;2023-07-15;2023-10-15;2024-01-15;2024-04-15;2024-07-15;2024-10-15",16,2304,2304,2304,2304,9.6
"310","310_T_a","Vlissingen",51.441389,3.595833,8,"2021-01-15;2021-04-15;2021-07-15;2021-10-15;2022-01-15;2022-04-15;2022-07-15;2022-10-15;2023-01-15;2023-04-15;2023-07-15;2023-10-15;2024-01-15;2024-04-15;2024-07-15;2024-10-15",16,2304,2304,2304,2304,11
"310","310_T_b","Vlissingen locatie B",51.441389,3.595833,8,"2021-01-15;2021-04-15;2021-07-15;2021-10-15;2022-01-15;2022-04-15;2022-07-15;2022-10-15;2023-01-15;2023-04-15;2023-07-15;2023-10-15;2024-01-15;2024-04-15;2024-07-15;2024-10-15",16,2304,0,0,0,NA
"317","317_T_SG","platform BSA locatie SG",51.7,3.056667,19.06,"2022-07-15;2022-10-15;2023-01-15;2023-04-15;2023-07-15;2023-10-15;2024-01-15;2024-04-15;2024-07-15;2024-10-15",10,1440,1341,1285,1285,12.2
"319","319_T_a","Westdorpe",51.224722,3.861111,1.7,"2021-01-15;2021-04-15;2021-07-15;2021-10-15;2022-01-15;2022-04-15;2022-07-15;2022-10-15;2023-01-15;2023-04-15;2023-07-15;2023-10-15;2024-01-15;2024-04-15;2024-07-15;2024-10-15",16,2304,2304,2304,2304,10.4
"320","320_T_0","Lichteiland Goeree locatie 0",51.925833,3.67,22,"2021-01-15;2021-04-15;2021-07-15;2021-10-15;2022-01-15;2022-04-15;2022-07-15;2022-10-15;2023-01-15;2023-04-15;2023-07-15;2023-10-15;2024-01-15;2024-04-15;2024-07-15;2024-10-15",16,2304,2243,2243,2243,11
"320","320_T_1","Lichteiland Goeree locatie 1",51.925833,3.67,22,"2021-01-15;2021-04-15;2021-07-15;2021-10-15;2022-01-15;2022-04-15;2022-07-15;2022-10-15;2023-01-15;2023-04-15;2023-07-15;2023-10-15;2024-01-15;2024-04-15;2024-07-15;2024-10-15",16,2304,0,0,0,NA
"320","320_T_2","Lichteiland Goeree locatie 2",51.925833,3.67,22,"2021-01-15;2021-04-15;2021-07-15;2021-10-15;2022-01-15;2022-04-15;2022-07-15;2022-10-15;2023-01-15;2023-04-15;2023-07-15;2023-10-15;2024-01-15;2024-04-15;2024-07-15;2024-10-15",16,2304,0,0,0,NA
"321","321_T_0","Europlatform locatie 0",51.997778,3.275,19,"2021-01-15;2021-04-15;2021-07-15;2021-10-15;2022-01-15;2022-04-15;2022-07-15;2022-10-15;2023-01-15;2023-04-15;2023-07-15;2023-10-15;2024-01-15;2024-04-15;2024-07-15;2024-10-15",16,2304,2303,2303,2303,10.9
"321","321_T_1","Europlatform locatie 1",51.997778,3.275,19,"2021-01-15;2021-04-15;2021-07-15;2021-10-15;2022-01-15;2022-04-15;2022-07-15;2022-10-15;2023-01-15;2023-04-15;2023-07-15;2023-10-15;2024-01-15;2024-04-15;2024-07-15;2024-10-15",16,2304,0,0,0,NA
"321","321_T_2","Europlatform locatie 2",51.997778,3.275,19,"2021-01-15;2021-04-15;2021-07-15;2021-10-15;2022-01-15;2022-04-15;2022-07-15;2022-10-15;2023-01-15;2023-04-15;2023-07-15;2023-10-15;2024-01-15;2024-04-15;2024-07-15;2024-10-15",16,2304,0,0,0,NA
"323","323_T_a","Wilhelminadorp",51.530278,3.894167,14,"2021-01-15;2021-04-15;2021-07-15;2021-10-15;2022-01-15;2022-04-15;2022-07-15;2022-10-15;2023-01-15;2023-04-15;2023-07-15;2023-10-15;2024-01-15;2024-04-15;2024-07-15;2024-10-15",16,2304,2304,2304,2304,10.4
"330","330_T_a","Hoek van Holland",51.991111,4.121667,11.9,"2021-01-15;2021-04-15;2021-07-15;2021-10-15;2022-01-15;2022-04-15;2022-07-15;2022-10-15;2023-01-15;2023-04-15;2023-07-15;2023-10-15;2024-01-15;2024-04-15;2024-07-15;2024-10-15",16,2304,2304,2304,2304,10.8
"340","340_T_25t","Woensdrecht locatie 25t",51.447778,4.341944,19.2,"2021-01-15;2021-04-15;2021-07-15;2021-10-15;2022-01-15;2022-04-15;2022-07-15;2022-10-15;2023-01-15;2023-04-15;2023-07-15;2023-10-15;2024-01-15;2024-04-15;2024-07-15;2024-10-15",16,2304,2304,2304,2304,9.9
"340","340_T_a","Woensdrecht locatie A",51.447778,4.341944,19.2,"2021-01-15;2021-04-15;2021-07-15;2021-10-15;2022-01-15;2022-04-15;2022-07-15;2022-10-15;2023-01-15;2023-04-15;2023-07-15;2023-10-15;2024-01-15;2024-04-15;2024-07-15;2024-10-15",16,2304,2304,2304,2304,9.8
"340","340_T_obs07t","Woensdrecht locatie obs07t",51.447778,4.341944,19.2,"2021-01-15;2021-04-15;2021-07-15;2021-10-15;2022-01-15;2022-04-15;2022-07-15;2022-10-15;2023-01-15;2023-04-15;2023-07-15;2023-10-15;2024-01-15;2024-04-15;2024-07-15;2024-10-15",16,2304,0,0,0,NA
"340","340_T_obs25t","Woensdrecht locatie obs25t",51.447778,4.341944,19.2,"2021-01-15;2021-04-15;2021-07-15;2021-10-15;2022-01-15;2022-04-15;2022-07-15;2022-10-15;2023-01-15;2023-04-15;2023-07-15;2023-10-15;2024-01-15;2024-04-15;2024-07-15;2024-10-15",16,2304,2304,2304,2304,9.8
"344","344_T_06t","Rotterdam locatie 06t",51.960556,4.446944,-4.3,"2021-01-15;2021-04-15;2021-07-15;2021-10-15;2022-01-15;2022-04-15;2022-07-15;2022-10-15;2023-01-15;2023-04-15;2023-07-15;2023-10-15;2024-01-15;2024-04-15;2024-07-15;2024-10-15",16,2304,288,2304,288,14.5
"344","344_T_24t","Rotterdam locatie 24t",51.960556,4.446944,-4.3,"2021-01-15;2021-04-15;2021-07-15;2021-10-15;2022-01-15;2022-04-15;2022-07-15;2022-10-15;2023-01-15;2023-04-15;2023-07-15;2023-10-15;2024-01-15;2024-04-15;2024-07-15;2024-10-15",16,2304,2304,2304,2304,10.3
"348","348_T_a","Cabauw onderzoeksmast locatie A",51.969167,4.925833,-0.7,"2021-01-15;2021-04-15;2021-07-15;2021-10-15;2022-01-15;2022-04-15;2022-07-15;2022-10-15;2023-01-15;2023-04-15;2023-07-15;2023-10-15;2024-01-15;2024-04-15;2024-07-15;2024-10-15",16,2304,2304,2304,2304,9.8
"350","350_T_28t","Gilze-Rijen locatie 28t",51.565,4.935278,14.9,"2021-01-15;2021-04-15;2021-07-15;2021-10-15;2022-01-15;2022-04-15;2022-07-15;2022-10-15;2023-01-15;2023-04-15;2023-07-15;2023-10-15;2024-01-15;2024-04-15;2024-07-15;2024-10-15",16,2304,2304,2304,2304,9.8
"350","350_T_a","Gilze-Rijen locatie A",51.565,4.935278,14.9,"2021-01-15;2021-04-15;2021-07-15;2021-10-15;2022-01-15;2022-04-15;2022-07-15;2022-10-15;2023-01-15;2023-04-15;2023-07-15;2023-10-15;2024-01-15;2024-04-15;2024-07-15;2024-10-15",16,2304,2304,2304,2304,9.8
"350","350_T_obs10t","Gilze-Rijen locatie obs10t",51.565,4.935278,14.9,"2021-01-15;2021-04-15;2021-07-15;2021-10-15;2022-01-15;2022-04-15;2022-07-15;2022-10-15;2023-01-15;2023-04-15;2023-07-15;2023-10-15;2024-01-15;2024-04-15;2024-07-15;2024-10-15",16,2304,0,0,0,NA
"350","350_T_obs28t","Gilze-Rijen locatie obs28t",51.565,4.935278,14.9,"2021-01-15;2021-04-15;2021-07-15;2021-10-15;2022-01-15;2022-04-15;2022-07-15;2022-10-15;2023-01-15;2023-04-15;2023-07-15;2023-10-15;2024-01-15;2024-04-15;2024-07-15;2024-10-15",16,2304,288,2304,2304,14.2
"356","356_T_a","Herwijnen",51.857778,5.145278,0.7,"2021-01-15;2021-04-15;2021-07-15;2021-10-15;2022-01-15;2022-04-15;2022-07-15;2022-10-15;2023-01-15;2023-04-15;2023-07-15;2023-10-15;2024-01-15;2024-04-15;2024-07-15;2024-10-15",16,2304,2304,2304,2304,9.7
"370","370_T_22t","Eindhoven locatie 22t",51.449722,5.376944,22.6,"2021-01-15;2021-04-15;2021-07-15;2021-10-15;2022-01-15;2022-04-15;2022-07-15;2022-10-15;2023-01-15;2023-04-15;2023-07-15;2023-10-15;2024-01-15;2024-04-15;2024-07-15;2024-10-15",16,2304,2304,2304,2304,9.9
"370","370_T_a","Eindhoven locatie A",51.449722,5.376944,22.6,"2021-01-15;2021-04-15;2021-07-15;2021-10-15;2022-01-15;2022-04-15;2022-07-15;2022-10-15;2023-01-15;2023-04-15;2023-07-15;2023-10-15;2024-01-15;2024-04-15;2024-07-15;2024-10-15",16,2304,2304,2304,2304,9.8
"370","370_T_obs04t","Eindhoven locatie obs04t",51.449722,5.376944,22.6,"2021-01-15;2021-04-15;2021-07-15;2021-10-15;2022-01-15;2022-04-15;2022-07-15;2022-10-15;2023-01-15;2023-04-15;2023-07-15;2023-10-15;2024-01-15;2024-04-15;2024-07-15;2024-10-15",16,2304,0,0,0,NA
"370","370_T_obs22t","Eindhoven locatie obs22t",51.449722,5.376944,22.6,"2021-01-15;2021-04-15;2021-07-15;2021-10-15;2022-01-15;2022-04-15;2022-07-15;2022-10-15;2023-01-15;2023-04-15;2023-07-15;2023-10-15;2024-01-15;2024-04-15;2024-07-15;2024-10-15",16,2304,2304,2304,2304,9.8
"375","375_T_24Rt","Volkel locatie 24Rt",51.658333,5.706667,22,"2021-01-15;2021-04-15;2021-07-15;2021-10-15;2022-01-15;2022-04-15;2022-07-15;2022-10-15;2023-01-15;2023-04-15;2023-07-15;2023-10-15;2024-01-15;2024-04-15;2024-07-15;2024-10-15",16,2304,2304,2304,2304,9.8
"375","375_T_a","Volkel locatie A",51.658333,5.706667,22,"2021-01-15;2021-04-15;2021-07-15;2021-10-15;2022-01-15;2022-04-15;2022-07-15;2022-10-15;2023-01-15;2023-04-15;2023-07-15;2023-10-15;2024-01-15;2024-04-15;2024-07-15;2024-10-15",16,2304,2304,2304,2304,9.8
"375","375_T_obs06Lt","Volkel locatie obs06Lt",51.658333,5.706667,22,"2021-01-15;2021-04-15;2021-07-15;2021-10-15;2022-01-15;2022-04-15;2022-07-15;2022-10-15;2023-01-15;2023-04-15;2023-07-15;2023-10-15;2024-01-15;2024-04-15;2024-07-15;2024-10-15",16,2304,0,0,0,NA
"375","375_T_obs24Rt","Volkel locatie obs24Rt",51.66229,5.72405,18.4,"2021-01-15;2021-04-15;2021-07-15;2021-10-15;2022-01-15;2022-04-15;2022-07-15;2022-10-15;2023-01-15;2023-04-15;2023-07-15;2023-10-15;2024-01-15;2024-04-15;2024-07-15;2024-10-15",16,2304,2304,2304,2304,9.8
"377","377_T_a","Ell",51.196667,5.7625,30,"2021-01-15;2021-04-15;2021-07-15;2021-10-15;2022-01-15;2022-04-15;2022-07-15;2022-10-15;2023-01-15;2023-04-15;2023-07-15;2023-10-15;2024-01-15;2024-04-15;2024-07-15;2024-10-15",16,2304,2304,2304,2304,9.9
"380","380_T_22t","Maastricht locatie 22t",50.905278,5.761944,114.3,"2021-01-15;2021-04-15;2021-07-15;2021-10-15;2022-01-15;2022-04-15;2022-07-15;2022-10-15;2023-01-15;2023-04-15;2023-07-15;2023-10-15;2024-01-15;2024-04-15;2024-07-15;2024-10-15",16,2304,2304,2304,2304,9.8
"391","391_T_a","Arcen",51.497222,6.196111,19.5,"2021-01-15;2021-04-15;2021-07-15;2021-10-15;2022-01-15;2022-04-15;2022-07-15;2022-10-15;2023-01-15;2023-04-15;2023-07-15;2023-10-15;2024-01-15;2024-04-15;2024-07-15;2024-10-15",16,2304,2304,2304,2304,9.9
"871","871_T_a","Saba",17.646111,-63.220833,31,"2021-01-15;2021-04-15;2021-07-15;2021-10-15;2022-01-15;2022-04-15;2022-07-15;2022-10-15;2023-01-15;2023-04-15;2023-07-15;2023-10-15;2024-01-15;2024-04-15;2024-07-15;2024-10-15",16,2304,2162,2303,2303,27.6
"873","873_T_a","St. Eustatius",17.495485,-62.982673,36.02,"2021-01-15;2021-04-15;2021-07-15;2021-10-15;2022-01-15;2022-04-15;2022-07-15;2022-10-15;2023-01-15;2023-04-15;2023-07-15;2023-10-15;2024-01-15;2024-04-15;2024-07-15;2024-10-15",16,2304,2299,2155,2155,27.2
"990","990_T_a","Bonaire",12.13,-68.275833,7.32,"2021-01-15;2021-04-15;2021-07-15;2021-10-15;2022-01-15;2022-04-15;2022-07-15;2022-10-15;2023-01-15;2023-04-15;2023-07-15;2023-10-15;2024-01-15;2024-04-15;2024-07-15;2024-10-15",16,2304,2293,2293,2293,28.2
